name,email,password,phone_number,credit_card_number
Charles Ryan,kellycastro@example.net,EF9%0tXxzd,+1-214-770-5324,3537365410773447
Brian Lopez,christopherpena@example.com,Hd4ZrC+R+a,679-311-4499x04,4583427744983
Hayley Huang,sabrinamccullough@example.net,%dSbmY^K0O,9849742944,38380117974990
Melissa Gibson,paulafleming@example.org,%&t9AHklsc,363.455.4900,676272082675
Nathan Sloan,pchandler@example.org,OGArYTgE@0,(254)647-4318,3543385522276859
Mr. Charles Bennett,christopher68@example.com,%7@JyrMp@T,+1-361-531-3181,180099961092271
Johnathan Ellis,sharonhill@example.org,_Et1TxeP)e,288-808-0642x65,4987740034305
John Hendricks,lfigueroa@example.org,Zh00vKox@Q,867-552-8017x16,630496023742
Stephanie Simmons,stephanie67@example.com,AlAo4i0@+8,+1-227-525-6722,180020990087835
Stephanie Oliver,chadhernandez@example.org,6SUWLw8q$8,(686)615-7867,6011006117170309
Jason Wright,pmason@example.net,K&8x7_Rxf5,+1-231-833-5051,4374682913303729267
Gregory Howe,qrhodes@example.com,LtF08CFpD),(669)572-5404x0,347582272785337
Andrew Moore,amurphy@example.net,7zIQQE!r@y,+1-783-673-7489,3532189439937667
Erik Jones,josephlong@example.net,TlY7RGOM^0,001-352-733-691,30116426765705
